TSNE1,TSNE2,TSNE3,k
-0.98254603,9.475084,-1.1873308,5.388762578694872
-0.92275274,9.530978,-1.176277,5.355880850412405
-0.849982,9.594561,-1.1646569,5.324218433123807
-0.76173264,9.669934,-1.152198,5.293808996565183
-0.66467166,9.755975,-1.1381904,5.26466603641912
-0.5376395,9.861717,-1.1213819,5.236786733991963
-0.39732006,9.9780655,-1.1023828,5.210155263542733
-0.256412,10.099855,-1.0828758,5.184745644471253
-0.11627337,10.224557,-1.0626621,5.160524021991857
0.016220286,10.350325,-1.0415463,5.137450412819171
0.14913692,10.479906,-1.0172592,5.115480495143228
0.27601328,10.6119,-0.9923,5.094567337003299
0.39255396,10.743055,-0.96873796,5.074662520573436
0.5124527,10.884038,-0.9407147,5.055716840144084
0.63020504,11.022627,-0.91056705,5.037680890161369
0.72093004,11.153145,-0.8842865,5.020505611028002
0.8193077,11.295627,-0.8541399,5.004142782476452
0.91413665,11.442988,-0.8214524,4.98854542738449
1.0016234,11.592448,-0.7871652,4.973667968232499
1.0847452,11.737984,-0.75195086,4.959466313927388
1.1453682,11.8863125,-0.71558976,4.945898214813192
1.2060722,12.03501,-0.6770827,4.932923589412445
1.2625412,12.183215,-0.6359657,4.92050438279654
1.299318,12.323314,-0.5989256,4.90860457717856
1.3321462,12.465648,-0.5567327,4.897190321918504
1.358047,12.616658,-0.5113602,4.886229844213387
1.3710955,12.764039,-0.46431726,4.875693315125227
1.3884938,12.910578,-0.4183638,4.865552688198935
1.4022496,13.055166,-0.36946517,4.855781552164761
1.3761407,13.19326,-0.32131493,4.846355087280454
1.34661,13.319108,-0.27313903,4.837250106541834
1.339776,13.467184,-0.22305968,4.828444964526849
1.3134458,13.60508,-0.17176163,4.819919255734739
1.2788239,13.739133,-0.11981965,4.811653498471959
1.2421767,13.861469,-0.06971929,4.803629182799159
1.1881608,13.987043,-0.02019526,4.795828954722654
1.1331537,14.107425,0.03235327,4.788236619677916
1.0750055,14.235992,0.084777996,4.780836853038467
1.0032009,14.351148,0.14098728,4.773615263286462
0.9292075,14.466176,0.19526754,4.766558720993864
0.8515977,14.581899,0.24844834,4.759655306238831
0.7775191,14.69656,0.30534697,4.752893933049299
0.68256307,14.795439,0.35599476,4.746264187497081
0.5857728,14.897476,0.4096765,4.739756207922178
0.48005074,14.995354,0.46554953,4.733360589381586
0.37614077,15.094204,0.52023613,4.727068462194279
0.26862654,15.194474,0.57784057,4.720871530691989
0.15629694,15.279931,0.63346016,4.714762116812772
0.04623724,15.362443,0.68342537,4.708733006923021
-0.07363224,15.445186,0.7374063,4.702777240756949
-0.19750744,15.525903,0.793813,4.696887986724231
-0.3216238,15.598839,0.845243,4.691059060786349
-0.45376286,15.662915,0.8978384,4.685285265966733
-0.58063424,15.73944,0.95093083,4.679561967738851
-0.7140672,15.793821,1.001162,4.673884423153011
-0.85132045,15.847818,1.0518781,4.668247381545463
-0.97728777,15.899957,1.1005542,4.662645374092793
-1.115145,15.9423,1.1473209,4.657073081487045
-1.2623152,15.984096,1.1967893,4.651525460796208
-1.4071515,16.024311,1.2443585,4.645997938355579
-1.5536153,16.062243,1.2931712,4.640486644151995
-1.7046778,16.084507,1.3395853,4.63498832869074
-1.8535628,16.108887,1.3860012,4.629500416474206
-1.9971693,16.13997,1.4325906,4.624020863816114
-2.148639,16.151325,1.4760524,4.618547416405391
-2.2876418,16.162914,1.516747,4.613077347640917
-2.4415991,16.175571,1.5605265,4.607607861020497
-2.596219,16.17581,1.6027033,4.602136602416019
-2.7462964,16.178322,1.6431056,4.596661657516968
-2.8970013,16.171328,1.6839767,4.591181428051226
-3.040871,16.170279,1.7230104,4.585694414520197
-3.1854568,16.15756,1.7594995,4.580198831102727
-3.3389015,16.14116,1.7985175,4.574692908036457
-3.4915385,16.124176,1.8364942,4.569175063416589
-3.64329,16.098745,1.8731472,4.563643860445024
-3.7926352,16.071949,1.9092333,4.558097947199003
-3.9325666,16.05155,1.944035,4.552536074178791
-4.0781126,16.025145,1.9795254,4.546957531097375
-4.229752,15.987925,2.0140784,4.541361765263336
-4.3760757,15.950819,2.0486887,4.535748154987885
-4.525871,15.914416,2.0838237,4.53011640735012
-4.6711717,15.872988,2.1168327,4.524466443053337
-4.811634,15.829541,2.1498516,4.518798072570958
-4.9559455,15.784888,2.1834636,4.513110629261989
-5.097671,15.738406,2.2164109,4.507403129777201
-5.2417,15.69079,2.2500548,4.501674537343458
-5.3844047,15.63797,2.283427,4.495924071578791
-5.525216,15.590146,2.3169713,4.490151207710674
-5.662159,15.527896,2.347861,4.484355705227959
-5.7974067,15.485578,2.381724,4.478537173987785
-5.943085,15.426929,2.4161363,4.472694742992226
-6.0821476,15.3651905,2.4492264,4.46682729150047
-6.2236757,15.306876,2.4844387,4.460933669169931
-6.358415,15.248515,2.5185487,4.455013033875001
-6.4952374,15.184229,2.5527885,4.449065049228748
-6.6306515,15.122721,2.587009,4.443089719941959
-6.771939,15.059669,2.623917,4.437087421135375
-6.9073377,14.987895,2.659189,4.431059064020869
-7.044845,14.925667,2.6955109,4.425005760586835
-7.1769257,14.859247,2.7306478,4.418928634336565
-7.312887,14.794741,2.7684016,4.412828671224626
-7.451278,14.722886,2.8043892,4.406706943808955
-7.5796,14.640834,2.8390312,4.400564557181556
-7.720252,14.575328,2.8829823,4.394401918781694
-7.8565273,14.508502,2.9208708,4.388218717976319
-7.9832087,14.430069,2.959879,4.382014583257759
-8.119438,14.354695,2.9980114,4.375789383199685
-8.250306,14.276718,3.0373833,4.369543142090627
-8.38304,14.199929,3.0774426,4.363276011393908
-8.504123,14.1277895,3.114806,4.356988134343121
-8.635436,14.048101,3.154311,4.350679934356291
-8.758045,13.973818,3.1944036,4.344352783448409
-8.887392,13.889185,3.23696,4.338008239632732
-9.01498,13.799211,3.274466,4.331646762021567
-9.143441,13.718743,3.3142245,4.325267887081085
-9.270053,13.636868,3.3560297,4.318871526443385
-9.395397,13.536063,3.4010556,4.312458072633249
-9.5069,13.464231,3.4357805,4.30602807222788
-9.629174,13.376471,3.4742508,4.29958168718813
-9.748389,13.288328,3.5135648,4.29311812136402
-9.871721,13.192282,3.5565908,4.286637019118662
-9.991421,13.098847,3.6002722,4.280138633749627
-10.111262,13.006686,3.6359184,4.273623031617388
-10.230023,12.910501,3.6774588,4.267090377397283
-10.347252,12.811222,3.714699,4.260541296189251
-10.463868,12.71335,3.754802,4.253976862033396
-10.57484,12.6124115,3.7929358,4.247397678828731
-10.68961,12.509391,3.8323925,4.240803906234805
-10.80031,12.403022,3.8709545,4.234196229624682
-10.911647,12.2977915,3.908039,4.227575294021936
-11.011724,12.198619,3.9406548,4.220941077319728
-11.112865,12.092717,3.9730828,4.214293101829435
-11.219173,11.984942,4.0115123,4.207631059297876
-11.32659,11.869774,4.0473742,4.200954932707525
-11.426468,11.752994,4.08002,4.194265024832178
-11.535437,11.632287,4.1177483,4.187561823808103
-11.635444,11.520793,4.1514854,4.18084571015911
-11.733685,11.399077,4.183744,4.174117270167072
-11.822216,11.286536,4.2069163,4.167377249749007
-11.918954,11.160203,4.241534,4.160626454810064
-12.017459,11.0370655,4.2741504,4.153865883781306
-12.111059,10.905562,4.303008,4.14709696321018
-12.213112,10.782092,4.33763,4.140321353085318
-12.300863,10.654153,4.362538,4.133539933550089
-12.385947,10.532054,4.3936563,4.12675275183127
-12.4703,10.395703,4.41714,4.119959881775576
-12.558949,10.263774,4.44568,4.113161977879469
-12.642216,10.139365,4.4715333,4.106360157259218
-12.72425,10.001869,4.494757,4.099554828179398
-12.804819,9.866526,4.5191364,4.092745554337569
-12.883624,9.728043,4.5417743,4.08593196795279
-12.959016,9.588845,4.56261,4.07911407743293
-13.029496,9.447957,4.5823197,4.07229195825523
-13.100641,9.313648,4.5993876,4.065465534847278
-13.170353,9.168818,4.61738,4.058634454435651
-13.237652,9.03108,4.6348324,4.051797868987035
-13.309004,8.886337,4.651454,4.04495534719375
-13.372442,8.742973,4.665301,4.03810688741023
-13.436533,8.599899,4.678842,4.031252644939024
-13.494246,8.4495,4.6907105,4.024392732368139
-13.554919,8.304637,4.7021585,4.017526685217994
-13.611792,8.160401,4.713003,4.010653871560725
-13.665364,8.007675,4.717842,4.003773302741228
-13.717433,7.858089,4.7249413,3.996884349190046
-13.769676,7.7045984,4.732491,3.989987182925772
-13.808722,7.5539174,4.7370696,3.983082783462472
-13.861625,7.4098926,4.740021,3.976172073935279
-13.905392,7.251724,4.7399473,3.969254897930249
-13.938421,7.0975957,4.7409253,3.962330966483623
-13.985658,6.9414353,4.741224,3.955400169734685
-14.024569,6.7844896,4.7402787,3.948462751364494
-14.056313,6.6320524,4.7382455,3.941519137713135
-14.089982,6.4756784,4.7318807,3.9345701146778
-14.119552,6.3193846,4.727576,3.927616984710477
-14.152625,6.161355,4.720304,3.92066104065478
-14.177444,5.9970055,4.7119894,3.913702920339286
-14.196912,5.8438725,4.7005,3.906742244604886
-14.225821,5.6903934,4.6926284,3.899778889948102
-14.247796,5.5266776,4.68209,3.892813197806387
-14.265093,5.376328,4.670527,3.885844900801578
-14.286282,5.211208,4.6568627,3.8788729146197
-14.29447,5.054103,4.6447897,3.871896637326373
-14.31548,4.8937917,4.6287737,3.864916851069516
-14.32946,4.729196,4.6126523,3.857934744180095
-14.340113,4.568999,4.59596,3.850951249001297
-14.3482485,4.405553,4.577645,3.843966443628184
-14.355885,4.24,4.5595045,3.836980174022302
-14.362702,4.0902543,4.5409584,3.829992172599264
-14.367268,3.9228728,4.519378,3.823002048628188
-14.369379,3.7645571,4.4977813,3.816010078433333
-14.371293,3.6028419,4.475905,3.809017640703861
-14.372146,3.4392893,4.455256,3.802026283186598
-14.371767,3.2839522,4.431365,3.795036144638656
-14.367891,3.1144664,4.4039116,3.788046592727522
-14.363498,2.9509585,4.3781815,3.781057970888741
-14.35794,2.7871764,4.351933,3.774070386151491
-14.3516655,2.620497,4.324318,3.76708318258238
-14.343162,2.4625466,4.2991166,3.760095465217243
-14.334559,2.297256,4.2677054,3.75310665840205
-14.323369,2.1338942,4.2386036,3.746116555137101
-14.312532,1.9738553,4.207971,3.739124664447506
-14.300289,1.8036062,4.1759477,3.732130340194282
-14.286912,1.6413609,4.1442103,3.725133443167286
-14.27385,1.4826769,4.112154,3.718134209464863
-14.258601,1.3121016,4.077928,3.711132506496002
-14.241636,1.1490145,4.042166,3.704128238443423
-14.222969,0.9784159,4.0057898,3.697121723682412
-14.2044325,0.81843126,3.9716563,3.690113331106414
-14.187138,0.6566576,3.9361873,3.683103999762462
-14.168036,0.49184805,3.897792,3.67609424103387
-14.148443,0.32324344,3.8559086,3.669083749118143
-14.127602,0.15576777,3.8197627,3.66207322135436
-14.107997,-0.008722336,3.77861,3.655063705575189
-14.085585,-0.17953704,3.7341857,3.648055834684293
-14.062348,-0.34693068,3.6910567,3.641050331061427
-14.037331,-0.5163999,3.6471438,3.634048027763716
-14.011461,-0.6899204,3.6009545,3.627049256711414
-13.986179,-0.84902674,3.5564098,3.620054866241786
-13.960447,-1.0181788,3.5073855,3.61306593771906
-13.932065,-1.179773,3.460058,3.606081894015056
-13.905413,-1.3480332,3.4090426,3.599101509217976
-13.8736105,-1.5210053,3.3546796,3.592123981074472
-13.844356,-1.6809607,3.3045015,3.58514866171869
-13.810429,-1.8524699,3.248194,3.578175235927247
-13.779058,-2.017374,3.1883588,3.5712039083406
-13.7417345,-2.185461,3.1276605,3.564234976581408
-13.704565,-2.3553095,3.0639145,3.557268773196724
-13.670013,-2.5154903,3.003261,3.550305258441568
-13.634014,-2.6765838,2.9392269,3.543344158015466
-13.595449,-2.8411374,2.8693728,3.536384461772036
-13.552598,-3.0106478,2.7985647,3.529424552765551
-13.512738,-3.1714702,2.7268503,3.522463699569963
-13.473795,-3.3381064,2.6545405,3.515502866268603
-13.432172,-3.4969876,2.581018,3.508543900854551
-13.389268,-3.6598585,2.50115,3.501588591948956
-13.344915,-3.8206651,2.421817,3.494638653803309
-13.296779,-3.9793298,2.3400803,3.487694947894559
-13.24997,-4.1425757,2.2531877,3.48075754711164
-13.204103,-4.2999477,2.1671607,3.473825626132138
-13.156271,-4.453649,2.0780659,3.466897704156345
-13.108563,-4.609888,1.9886531,3.459972322328044
-13.056448,-4.771929,1.8947196,3.453048479449771
-13.006625,-4.925779,1.7984046,3.446125718751717
-12.955376,-5.0817256,1.7008369,3.439203879603835
-12.903936,-5.233096,1.6018845,3.432282791885086
-12.8519535,-5.3795204,1.5014352,3.425361851565002
-12.799557,-5.5217056,1.4011987,3.41844070609628
-12.743688,-5.6670527,1.2947481,3.411519088121775
-12.685784,-5.8109636,1.1804456,3.404596930520778
-12.629625,-5.957317,1.0674295,3.397674809095578
-12.571294,-6.097922,0.95323795,3.390753597215021
-12.515416,-6.2309833,0.8394311,3.383833599828101
-12.452546,-6.3700094,0.7191242,3.376915486862294
-12.392416,-6.50321,0.5994183,3.370000394662328
-12.334233,-6.6363945,0.47357985,3.363088971801758
-12.273267,-6.7657943,0.35005704,3.356181458299931
-12.2103405,-6.895324,0.21857357,3.349278003317896
-12.146044,-7.0254602,0.08841233,3.342378845125628
-12.086535,-7.139609,-0.033497375,3.335484235099789
-12.021553,-7.264169,-0.16879451,3.328594566341437
-11.955654,-7.38876,-0.3040818,3.321710908799642
-11.894865,-7.51109,-0.43988544,3.314834277053199
-11.831985,-7.625385,-0.57310164,3.307964524975776
-11.768133,-7.73366,-0.7055073,3.301101204740742
-11.702424,-7.845618,-0.8455903,3.294244017171662
-11.634747,-7.9587407,-0.9895272,3.287391779001532
-11.564502,-8.068916,-1.1381624,3.280542027122041
-11.494158,-8.174512,-1.2872522,3.273692336939959
-11.421739,-8.274155,-1.4245408,3.266841387383425
-11.350714,-8.376018,-1.5812731,3.259988629841816
-11.277439,-8.472208,-1.7316086,3.253132979928736
-11.202509,-8.565438,-1.8837341,3.246273535331123
-11.126457,-8.656598,-2.0358028,3.239410751612212
-11.049684,-8.743414,-2.189051,3.232545224461231
-10.968908,-8.833782,-2.3486822,3.225677131580981
-10.892023,-8.91564,-2.4998546,3.218806541746362
-10.809024,-8.996338,-2.659509,3.21193444250788
-10.725427,-9.075847,-2.8193233,3.205062959840661
-10.641046,-9.152021,-2.977887,3.198193957679785
-10.556634,-9.224331,-3.1363316,3.191329382609915
-10.47142,-9.294606,-3.293154,3.18447034551046
-10.382512,-9.3591795,-3.4539957,3.177617186914616
-10.294784,-9.423156,-3.6104095,3.170770595785708
-10.204399,-9.485438,-3.769899,3.163930245463127
-10.112361,-9.54653,-3.9308972,3.157096001632011
-10.021858,-9.603789,-4.0850525,3.150268250891666
-9.925934,-9.660265,-4.247606,3.14344649240006
-9.828289,-9.714577,-4.4099827,3.136629400142041
-9.732997,-9.764489,-4.5644164,3.129815493602668
-9.631609,-9.813288,-4.726307,3.123004186769974
-9.5294485,-9.860781,-4.8861303,3.116195878975209
-9.426066,-9.904474,-5.046483,3.109392240245272
-9.320369,-9.946548,-5.2061534,3.102595012845777
-9.213546,-9.979348,-5.3601203,3.095804508355718
-9.102997,-10.016944,-5.518276,3.089020020064596
-8.995502,-10.052612,-5.670052,3.082240235877598
-8.883963,-10.084566,-5.824238,3.075464732466262
-8.76487,-10.115622,-5.9850826,3.068693999720134
-8.645783,-10.142968,-6.1426086,3.061927007180622
-8.527217,-10.168421,-6.295021,3.055162215944287
-8.404454,-10.187951,-6.4485235,3.048398895270488
-8.277823,-10.206839,-6.601389,3.041636770007692
-8.150367,-10.223341,-6.753866,3.034875526390548
-8.020828,-10.236546,-6.902494,3.028115136622589
-7.889187,-10.249385,-7.0522194,3.021356438392867
-7.7608814,-10.260643,-7.193255,3.01460069127896
-7.630946,-10.26749,-7.3324795,3.007848703485179
-7.491935,-10.275102,-7.4777346,3.001100710867895
-7.351645,-10.280706,-7.620658,2.994355206997112
-7.2087293,-10.28441,-7.762344,2.98761097189309
-7.0637527,-10.27998,-7.8971715,2.980868591243611
-6.916307,-10.277817,-8.033489,2.974129002920979
-6.771876,-10.274309,-8.162677,2.967392469519463
-6.622532,-10.271757,-8.294552,2.960658519148272
-6.470649,-10.26266,-8.421107,2.953926667751566
-6.312656,-10.255014,-8.550026,2.947197065181299
-6.1633797,-10.243961,-8.666447,2.940470937000926
-6.0056233,-10.227673,-8.781411,2.933750512900612
-5.845332,-10.211587,-8.89871,2.927037832671439
-5.6817493,-10.194063,-9.01284,2.920333341344347
-5.514582,-10.176792,-9.12634,2.913636534480787
-5.349985,-10.156494,-9.229408,2.90694560942299
-5.1838655,-10.133647,-9.328792,2.900258002666919
-5.017663,-10.107146,-9.4293785,2.893571414070336
-4.8471103,-10.081698,-9.525637,2.886883468160562
-4.670191,-10.053731,-9.620098,2.880192231256117
-4.4951887,-10.028873,-9.711273,2.873496831487154
-4.320513,-9.992897,-9.792445,2.866796275769413
-4.1428876,-9.961751,-9.874527,2.860089758157186
-3.9653575,-9.9283495,-9.9512205,2.853377785931553
-3.7825804,-9.896532,-10.027854,2.846661067629998
-3.6001048,-9.859364,-10.096218,2.839940501846736
-3.4162705,-9.819581,-10.160178,2.833217322733977
-3.2287035,-9.778955,-10.22146,2.826492064126772
-3.0457463,-9.738079,-10.275863,2.81976542430249
-2.8606308,-9.695813,-10.327823,2.81303785319933
-2.66978,-9.653262,-10.3770895,2.806308281344659
-2.4741256,-9.607802,-10.422072,2.799576797207833
-2.2846787,-9.564001,-10.461564,2.792843769631263
-2.0992293,-9.520438,-10.496564,2.786109260233973
-1.9073582,-9.475247,-10.528853,2.779374519938055
-1.7140218,-9.428793,-10.553792,2.772640862274442
-1.5159329,-9.37966,-10.575772,2.765907943649755
-1.3239063,-9.33057,-10.591842,2.759174713354694
-1.1313715,-9.280607,-10.603943,2.752439663116089
-0.9318649,-9.228708,-10.609565,2.745702068642208
-0.73412085,-9.175421,-10.611319,2.73896262062241
-0.5436179,-9.120866,-10.607442,2.732222267895255
-0.34711033,-9.0678425,-10.600171,2.725482395381809
-0.14471991,-9.013347,-10.588297,2.718743806489344
0.05191132,-8.959982,-10.571523,2.712006621637655
0.24239308,-8.906593,-10.551296,2.705271757054815
0.43722555,-8.852193,-10.524953,2.698540447267761
0.632116,-8.797321,-10.493843,2.691813489145758
0.82719016,-8.742121,-10.459572,2.685090138831367
1.0245544,-8.685867,-10.418293,2.678369318481486
1.2154438,-8.630483,-10.373385,2.671650285002216
1.402721,-8.574634,-10.325617,2.664933752294106
1.5909449,-8.517652,-10.26788,2.658221248423414
1.7822918,-8.460249,-10.209855,2.651513372177941
1.9653134,-8.405212,-10.147673,2.64480895445543
2.152109,-8.349272,-10.079523,2.63810623751702
2.3385146,-8.292219,-10.005559,2.631404821875465
2.526971,-8.234173,-9.9276495,2.624705264328243
2.703967,-8.1772375,-9.846865,2.618007862633247
2.8835206,-8.120118,-9.759675,2.611313209255688
3.0588336,-8.065081,-9.671362,2.604622741742478
3.2350845,-8.009308,-9.576982,2.597937883793236
3.4073212,-7.9538293,-9.4776945,2.591259053119706
3.5787182,-7.899353,-9.374144,2.584585988133464
3.7508023,-7.844183,-9.264838,2.577918177238467
3.9197035,-7.790767,-9.153384,2.571255555218497
4.0825953,-7.7414274,-9.038746,2.564599309770697
4.246597,-7.6894445,-8.916627,2.557950837228768
4.402555,-7.640171,-8.794754,2.55130922368111
4.561126,-7.5890074,-8.662723,2.544671447127184
4.716466,-7.5385857,-8.527018,2.538034974005086
4.8657117,-7.4894986,-8.388479,2.531399525000697
5.010493,-7.441378,-8.247903,2.524766382915498
5.156528,-7.394648,-8.094826,2.51813703998052
5.2939095,-7.3512506,-7.9450655,2.51151331794286
5.430484,-7.307992,-7.789272,2.504896229862667
5.561506,-7.2680516,-7.632584,2.498285832477962
5.690166,-7.228391,-7.467644,2.491682425726149
5.811337,-7.1906724,-7.3031616,2.485087323478361
5.933515,-7.153232,-7.1303906,2.478500879169509
6.054057,-7.1175704,-6.9534893,2.471922342592803
6.1627164,-7.0867167,-6.77953,2.465350608623832
6.269913,-7.057149,-6.5993953,2.458784675655017
6.3720984,-7.028511,-6.414951,2.452224058927149
6.4694753,-7.0028687,-6.2272043,2.445669053089876
6.5646896,-6.979493,-6.036841,2.439119736437635
6.6509204,-6.9600425,-5.849488,2.432575429558224
6.7367196,-6.942713,-5.6546774,2.426034579396867
6.8175573,-6.9273653,-5.455362,2.419497367826052
6.892504,-6.913799,-5.2525206,2.412965046783502
6.957917,-6.9048038,-5.0623884,2.406437272478284
7.022366,-6.898389,-4.8573933,2.399914813264393
7.0860634,-6.896418,-4.6486406,2.393397926246867
7.1402044,-6.896219,-4.442869,2.386885276709466
7.1889935,-6.897606,-4.2356915,2.380376557683483
7.23179,-6.902652,-4.027909,2.373871443884261
7.2694674,-6.911284,-3.8153815,2.367369734964037
7.3010144,-6.9204626,-3.5997932,2.360871706997089
7.3253875,-6.9326677,-3.388041,2.354378207516121
7.344376,-6.946328,-3.1724718,2.347890166429571
7.3554974,-6.963176,-2.9573224,2.341408266352738
7.360985,-6.9831653,-2.7431722,2.334931802174263
7.3586636,-7.0009594,-2.5308297,2.328459193912102
7.3515863,-7.0248337,-2.315317,2.321989355561228
7.338448,-7.052416,-2.1000395,2.315523019565674
7.319526,-7.0814767,-1.8905888,2.309060931186649
7.2942214,-7.113396,-1.6792666,2.302601978804373
7.2619185,-7.146431,-1.4645733,2.296145821549388
7.2249937,-7.1827707,-1.2533698,2.289694173476071
7.180662,-7.2211213,-1.0410488,2.283247482505403
7.129933,-7.2599845,-0.83267605,2.276802962668803
7.0717964,-7.300108,-0.62499875,2.270357501674267
7.0068636,-7.3421774,-0.41670182,2.263909684836049
6.940372,-7.385126,-0.21646202,2.25745982823554
6.8632183,-7.4303656,-0.013525223,2.251008262343441
6.7800903,-7.472951,0.18661502,2.244554372272431
6.692359,-7.518809,0.38208276,2.238097446681317
6.601654,-7.565057,0.5732386,2.231637354598644
6.5014234,-7.615719,0.7693831,2.225174103041348
6.3971715,-7.6614914,0.9588252,2.218708752107106
6.288249,-7.7101574,1.146377,2.21224232345179
6.1766996,-7.755521,1.3259977,2.205774758372799
6.054565,-7.8053102,1.5129707,2.199307255700485
5.9262304,-7.850445,1.6931708,2.192842610531653
5.794404,-7.8942957,1.8704225,2.186383525622751
5.65509,-7.935874,2.0449934,2.179932172679222
5.5078664,-7.9762573,2.2198284,2.173488284804301
5.361479,-8.012455,2.3845038,2.167050336735358
5.208888,-8.04202,2.5446546,2.160617895218195
5.0537324,-8.075443,2.7060614,2.154191328000255
4.8975787,-8.104944,2.856457,2.147771126399238
4.732222,-8.13348,3.0121796,2.141357557249921
4.5625772,-8.157658,3.1634865,2.134950173897103
4.39135,-8.179332,3.3110316,2.128549330536334
4.216626,-8.19506,3.4546409,2.122156063166106
4.042296,-8.208633,3.5932539,2.115771594635748
3.8599973,-8.217378,3.7319999,2.109397085785039
3.676437,-8.221317,3.8648014,2.103032670288879
3.4895458,-8.221816,3.9968576,2.09667873186435
3.3020868,-8.216734,4.121962,2.090336495257832
3.1099744,-8.205213,4.2464075,2.08400656456455
2.9155896,-8.189098,4.368838,2.077687056017167
2.7216072,-8.169739,4.487846,2.071374919793746
2.5271444,-8.145668,4.6032195,2.065069127851547
2.3374207,-8.117926,4.71539,2.058770273463384
2.1365697,-8.083752,4.8302617,2.05247858542183
1.937464,-8.0395775,4.9383225,2.04619278204995
1.7379507,-7.989775,5.0441236,2.039911077788238
1.5400456,-7.93223,5.1454597,2.033633732858108
1.3431118,-7.8712983,5.242501,2.027362057961702
1.1440539,-7.805356,5.3446956,2.021096296148031
0.94664633,-7.731437,5.439656,2.014835776369889
0.7569992,-7.6555514,5.5305796,2.008579945927427
0.5599552,-7.57538,5.6258087,2.002329049243991
0.37072843,-7.4874268,5.717275,1.996083479746845
0.17883606,-7.39553,5.809517,1.989842099675637
-0.0012773054,-7.2972007,5.896189,1.983603849757692
-0.18816185,-7.185113,5.9860473,1.977369649994831
-0.36831394,-7.071865,6.069187,1.971141481446714
-0.5468272,-6.9521413,6.1533537,1.96492039338998
-0.7207887,-6.8277187,6.236942,1.958705268497838
-0.8902973,-6.6948857,6.3161917,1.952494662277899
-1.0521436,-6.564742,6.3982496,1.946287378414689
-1.2105238,-6.4335113,6.487474,1.940083632282383
-1.3732667,-6.2867713,6.572237,1.933884916983702
-1.5206784,-6.1448364,6.6530633,1.927692152771602
-1.6688683,-5.98473,6.7380166,1.921504955133039
-1.811501,-5.824894,6.8208947,1.915322863469173
-1.9494357,-5.660363,6.9033594,1.909145751241077
-2.0807612,-5.4954114,6.9876504,1.902973706555858
-2.2038343,-5.3268437,7.069906,1.89680670337301
-2.3218544,-5.1539683,7.1525073,1.89064517559781
-2.4327142,-4.976711,7.2348084,1.884489758169534
-2.5444818,-4.7899594,7.324697,1.878340094579461
-2.639254,-4.6069536,7.406685,1.872195220888072
-2.7326317,-4.4192133,7.494486,1.866053572634256
-2.8192031,-4.2369967,7.581746,1.859915231106089
-2.901154,-4.0420876,7.672345,1.853782321355508
-2.9754157,-3.849465,7.764348,1.847657141955586
-3.0411687,-3.6550074,7.8542175,1.841540724125163
-3.1012235,-3.4563518,7.944674,1.83543233006978
-3.1486955,-3.2563584,8.037152,1.829330469408893
-3.1946714,-3.0522933,8.132456,1.823233986272887
-3.2287745,-2.841491,8.223402,1.817143128629441
-3.2582507,-2.6410275,8.3157,1.811059640472989
-3.2786365,-2.4353561,8.411122,1.804984679309078
-3.2934723,-2.2271435,8.508886,1.798917877643042
-3.2998836,-2.0268898,8.605682,1.792858227434632
-3.2986257,-1.8138618,8.703816,1.786804226290609
-3.2902029,-1.6151085,8.801642,1.780754354656835
-3.274136,-1.4118973,8.901396,1.774708305003934
-3.2497044,-1.2108712,9.003231,1.768667486494527
-3.218462,-1.0030586,9.106662,1.762633551418844
-3.1769583,-0.80540204,9.207888,1.756607283580011
-3.127948,-0.6024374,9.309265,1.750588351248887
-3.0714872,-0.4017623,9.40878,1.744575467215163
-3.008322,-0.20872325,9.504564,1.738567887848462
-2.9372594,-0.013775139,9.602884,1.732565857789194
-2.8604128,0.17203297,9.69831,1.726571060898504
-2.7812052,0.35649386,9.797027,1.720585621450105
-2.6895106,0.5420608,9.90012,1.714609780892834
-2.5946167,0.7201587,9.99826,1.708642854507887
-2.4883456,0.89830637,10.097402,1.702683566077799
-2.376916,1.0776292,10.192364,1.696730473394048
-2.261579,1.2438738,10.283456,1.690782739896072
-2.1360815,1.4145473,10.379315,1.684840067136138
-2.0083349,1.5764818,10.471959,1.678902798002261
-1.871214,1.7411184,10.568489,1.672970849016585
-1.7318383,1.8934507,10.658922,1.667044351645969
-1.5850083,2.0445144,10.74941,1.661123917085464
-1.4330797,2.1893125,10.836739,1.655209515327652
-1.2780851,2.3305852,10.923362,1.649300759832846
-1.1101019,2.4763722,11.011339,1.643398896240144
-0.94388115,2.6084497,11.092389,1.637504906035098
-0.7704047,2.7381701,11.17281,1.631619001449747
-0.59064907,2.8642428,11.249809,1.625741907318366
-0.40644702,2.9889076,11.322883,1.619873790085462
-0.21980777,3.103421,11.394869,1.614014103177935
-0.025671523,3.2132275,11.454037,1.608162591048049
0.16892451,3.3153148,11.516586,1.602319984681809
0.36894327,3.4153671,11.576705,1.596486679612218
0.56606257,3.5093439,11.633351,1.59066295427603
0.7710302,3.598269,11.686669,1.584850095783001
0.98260206,3.6822026,11.736608,1.579048687048632
1.1938195,3.7591767,11.783811,1.573257712690726
1.406858,3.8335893,11.824955,1.567475903287557
1.6248426,3.9044006,11.860741,1.561702506214459
1.8425229,3.968705,11.888104,1.555937170025126
2.0641854,4.027196,11.914861,1.550180182817712
2.2905815,4.0823774,11.9331,1.544432168765036
2.5168865,4.1319733,11.946895,1.538693911624844
2.744858,4.1784043,11.95807,1.532965839788857
2.967944,4.2182813,11.962182,1.527247213748558
3.1981492,4.2546835,11.961885,1.521536653501119
3.4244971,4.2861633,11.956451,1.515833028450702
3.650016,4.313747,11.947519,1.510135823393451
3.8756514,4.33624,11.930692,1.504444610681423
4.105291,4.3560853,11.90915,1.498759448845575
4.334598,4.371291,11.881746,1.493080520545214
4.5584006,4.3834543,11.850572,1.487408512458773
4.781453,4.3913918,11.813117,1.48174366533753
5.0055623,4.3963537,11.768563,1.476086498188034
5.2320685,4.3984785,11.71971,1.470439015408723
5.45233,4.3978343,11.666848,1.464803030055819
5.674667,4.3948536,11.608871,1.459178691299579
5.8997993,4.389304,11.5451355,1.45356615867022
6.1152697,4.381684,11.477224,1.447966537084116
6.3332725,4.371485,11.402255,1.442380120377139
6.54462,4.3596783,11.322869,1.436806584601152
6.757453,4.3467846,11.238057,1.431245079953113
6.9636836,4.332091,11.149127,1.425695099596331
7.171225,4.3157234,11.054323,1.420157462712345
7.367402,4.2995286,10.957135,1.414633510861762
7.5670824,4.2812605,10.850527,1.409124575610304
7.760783,4.2607126,10.739313,1.403631487223503
7.9551635,4.2419515,10.622793,1.398154237812445
8.144868,4.222064,10.501298,1.392692151233307
8.32716,4.202718,10.378595,1.387244328443947
8.511197,4.1829886,10.249411,1.381810583921071
8.689762,4.1634316,10.117715,1.376391403197292
8.86769,4.1438375,9.978475,1.37098763841275
9.041438,4.124813,9.835529,1.365600129797801
9.206979,4.106607,9.691674,1.36022942473382
9.366244,4.0894623,9.54706,1.354876423251796
9.523203,4.072665,9.395624,1.349542231427488
9.678898,4.0561585,9.238723,1.344227955443906
9.824323,4.0406466,9.079403,1.3389342177079
9.962568,4.0283074,8.9273,1.333660839313996
10.107712,4.0162363,8.755868,1.328407915653919
10.250942,4.0049844,8.582061,1.323176802919011
10.386017,3.9949024,8.407233,1.317968558005391
10.513747,3.9865155,8.233911,1.312783245822466
10.641653,3.9800904,8.055356,1.30761964752446
10.760711,3.9734428,7.8769765,1.302476819773011
10.875645,3.9688768,7.693058,1.297355030037295
10.991398,3.9649541,7.5023217,1.292255233571573
11.094851,3.9635491,7.3176064,1.287178372532496
11.1948185,3.9635186,7.1293325,1.2821255569073
11.290015,3.965502,6.943498,1.277098147429247
11.381573,3.968499,6.7528434,1.272096367384163
11.468764,3.9727173,6.5546107,1.267119100301465
11.552992,3.9790287,6.364089,1.262165138647815
11.634352,3.9877229,6.1661043,1.257233145511308
11.7076235,3.997066,5.9733915,1.252321821191921
11.779502,4.008793,5.7735744,1.247430852234155
11.849954,4.0224566,5.5762076,1.242560014113646
11.914097,4.0375247,5.374852,1.237708341933375
11.971542,4.0536184,5.1853065,1.232875550093138
12.027256,4.0721054,4.9825487,1.228061571222651
12.078474,4.091835,4.781967,1.223266249060344
12.12653,4.1132293,4.580703,1.218488642140056
12.171765,4.136295,4.387114,1.213727200159552
12.213997,4.160749,4.1856704,1.208981979690786
12.24991,4.1867805,3.9873679,1.204254012705396
12.285115,4.215094,3.7860396,1.199544107805842
12.314839,4.2431035,3.5952685,1.194852828751038
12.342798,4.2736835,3.39632,1.190181396300818
12.366141,4.305306,3.201705,1.185530476058112
12.386786,4.3390136,3.001862,1.180900057611412
12.404557,4.3724637,2.8086104,1.176290321586384
12.420005,4.4083405,2.6075542,1.171701267396642
12.435457,4.4457073,2.4105084,1.16713286424611
12.444225,4.4828515,2.2127888,1.16258548854709
12.452392,4.520033,2.0283754,1.158059687944669
12.458059,4.560402,1.830563,1.153555645378732
12.462241,4.599209,1.6413598,1.149073446280839
12.4609165,4.641903,1.4454522,1.144613171604127
12.457885,4.6824665,1.2591708,1.140174789382107
12.452605,4.7257957,1.0658288,1.135758818961723
12.443152,4.771258,0.87372017,1.131366301835662
12.432143,4.813022,0.6801991,1.126998563730812
12.417474,4.8576775,0.49371204,1.122657206014109
12.405568,4.902295,0.30670473,1.118344013853813
12.387625,4.948379,0.11685248,1.114060390179198
12.369498,4.9889884,-0.06811228,1.109807104248217
12.347145,5.039151,-0.25580958,1.105584582034184
12.323736,5.0840955,-0.4387408,1.101392688440902
12.297045,5.129906,-0.626626,1.097230946048938
12.268036,5.1778955,-0.8097043,1.093099385929078
12.236342,5.225099,-0.9946049,1.088998614245915
12.20281,5.2682867,-1.1661767,1.084929740394153
12.16654,5.315699,-1.3512833,1.080893278217857
12.129418,5.3615055,-1.5304515,1.076889773766579
12.089688,5.4090176,-1.7152969,1.072920271266065
12.0478325,5.455851,-1.8953692,1.0689851072217
12.005986,5.501224,-2.0714846,1.065083843643535
11.961133,5.5468802,-2.2495036,1.061215855289938
11.913559,5.5932217,-2.4326491,1.05738060512483
11.8649435,5.6376767,-2.6089568,1.053577441878141
11.816398,5.681211,-2.7747915,1.049806050283289
11.765598,5.7258463,-2.9517133,1.046066727765458
11.713806,5.769494,-3.1209152,1.042359750541357
11.661213,5.8106556,-3.291921,1.038684974278385
11.605637,5.8547487,-3.4642372,1.035042135968409
11.550931,5.898328,-3.636783,1.031431101120852
11.492357,5.9412117,-3.808604,1.027851571187238
11.433402,5.981028,-3.9803488,1.024303131261967
11.370625,6.02294,-4.1499596,1.020785004228151
11.306108,6.0628753,-4.3160048,1.017296815919543
11.242649,6.103395,-4.48273,1.013839553706469
11.174832,6.145713,-4.650647,1.010414346977252
11.108042,6.185135,-4.8156567,1.007021382291063
11.042131,6.22361,-4.977881,1.003659944541065
10.9749565,6.261301,-5.135734,1.000329874119672
10.9051485,6.2989063,-5.299659,0.9970321920260956
10.827913,6.3359685,-5.4575806,0.993767668740826
10.755689,6.373411,-5.619601,0.9905363177509132
10.685507,6.4081264,-5.781726,0.9873381360408312
10.614882,6.445572,-5.936172,0.984173785857041
10.539196,6.483167,-6.101419,0.981044233635376
10.468141,6.5171866,-6.2574596,0.977949497193108
10.392773,6.5525427,-6.418476,0.9748887071677438
10.318023,6.587164,-6.578547,0.9718613082258614
10.236637,6.6225595,-6.734257,0.9688682940550406
10.1658745,6.6560426,-6.887797,0.9659117280631704
10.08526,6.690383,-7.047271,0.9629927071130652
10.006431,6.7234373,-7.2027593,0.9601107423305214
9.926925,6.7556767,-7.354857,0.9572654526861196
9.845007,6.7884383,-7.511821,0.9544578554204936
9.764806,6.8202367,-7.6624618,0.9516891470976516
9.6819,6.8513927,-7.8176303,0.9489596191718136
9.598316,6.8823905,-7.970159,0.9462698284739016
9.5142975,6.9141316,-8.118586,0.943620504313282
9.428012,6.9444995,-8.270837,0.9410121961266068
9.341092,6.975059,-8.418041,0.9384452738883168
9.254235,7.0052214,-8.568669,0.9359195467553284
9.164055,7.037159,-8.718137,0.9334353210721228
9.073962,7.0637345,-8.86572,0.9309933530260748
8.982311,7.094369,-9.014346,0.9285938713904394
8.891636,7.1221285,-9.1606655,0.9262364986310628
8.802606,7.150165,-9.298811,0.9239211128450766
8.708589,7.1784234,-9.443131,0.9216481048915142
8.613668,7.205782,-9.586372,0.9194177752463688
8.519935,7.230067,-9.722421,0.9172304950284528
8.418423,7.2585588,-9.86865,0.9150875226612468
8.320659,7.2854743,-10.006827,0.9129901459841874
8.224112,7.3113127,-10.144866,0.910938957096986
8.118809,7.3366017,-10.281631,0.9089345628836524
8.017289,7.363038,-10.420637,0.9069776292748256
7.911854,7.3880305,-10.556605,0.9050683589211824
7.8067713,7.412786,-10.687588,0.9032069952013758
7.6958356,7.438128,-10.823896,0.9013936311959814
7.5849934,7.4630675,-10.957925,0.8996277145327515
7.4772615,7.486498,-11.083099,0.8979082548811738
7.3688416,7.5078797,-11.201561,0.8962346715124911
7.2528954,7.5311627,-11.326431,0.8946077549744998
7.1340575,7.554182,-11.454324,0.8930287575610333
7.0127683,7.577759,-11.572933,0.8914986649877711
6.8879747,7.59987,-11.692669,0.8900183315974602
6.7635612,7.6202774,-11.810415,0.8885878751355275
6.649193,7.639568,-11.911607,0.8872066232418974
6.515338,7.658844,-12.024926,0.8858739649697775
6.38299,7.6799526,-12.131865,0.8845899619378189
6.247875,7.6996017,-12.237482,0.8833547175635341
6.1070747,7.718848,-12.342212,0.882168552196477
5.9713874,7.736276,-12.4359,0.8810316766229964
5.8337803,7.752544,-12.525643,0.8799440609703145
5.6907067,7.76976,-12.615558,0.8789060199620115
5.5458803,7.7848663,-12.701012,0.8779180914841418
5.402627,7.799706,-12.782837,0.8769808265261814
5.2571573,7.8113775,-12.857019,0.8760947607813485
5.125179,7.82697,-12.930383,0.8752602175056075
4.979717,7.8397694,-12.993782,0.8744769108440515
4.838132,7.8518496,-13.054681,0.8737444109179032
4.704718,7.863905,-13.103878,0.8730626087577378
4.566808,7.866789,-13.163322,0.8724313942497104
4.430362,7.8727508,-13.201883,0.8718499171044879
4.300181,7.876042,-13.246795,0.8713168558088695
4.1647034,7.897784,-13.275202,0.8708313839703816
4.0299664,7.931804,-13.263198,0.8703933568398773
3.9022183,7.870524,-13.295593,0.8700033773162628
3.783578,7.8797364,-13.317559,0.869662329737815
3.678235,7.893262,-13.308059,0.8693702036317477
3.571103,7.890771,-13.303762,0.8691265116681324
3.4732497,7.8837404,-13.308407,0.8689311276059397
3.403753,7.90381,-13.3601,0.8687842011117018
3.3333387,7.90716,-13.367622,0.868686206847638
3.2652307,7.9075074,-13.370171,0.8686372819496966
-2.303314,8.994812,-1.1094421,4.85417023987501
-2.460905,8.9790745,-1.0792866,4.809299468882427
-2.631856,8.969455,-1.0432408,4.766155469508385
-2.8260653,8.968887,-0.9969543,4.724788383292982
-3.0467887,8.979931,-0.93815446,4.68521272072908
-3.2729666,9.001726,-0.87120396,4.647414183062238
-3.511308,9.033209,-0.7960728,4.611357559689313
-3.747695,9.071983,-0.7160609,4.576995378917881
-3.9749713,9.1131315,-0.63432467,4.54426952144115
-4.198826,9.154891,-0.5501652,4.513108127808591
-4.4218745,9.19368,-0.46439347,4.483431313206582
-4.6390615,9.223692,-0.3791268,4.455163587634418
-4.8561144,9.247436,-0.2936063,4.428230770627449
-5.074623,9.262617,-0.20703468,4.4025513422257
-5.2890687,9.265912,-0.122178845,4.378041031130588
-5.5021486,9.259256,-0.039074987,4.354612500011938
-5.711749,9.241822,0.041569155,4.332184415804415
-5.9175024,9.21381,0.119998075,4.310686593906333
-6.1158447,9.17613,0.19443397,4.290059958352014
-6.3073387,9.131124,0.26502025,4.270252238759116
-6.4890714,9.076823,0.3306074,4.251206016388466
-6.6659565,9.016859,0.39349225,4.232859688320768
-6.8418384,8.9458475,0.45492584,4.215153439760071
-7.0106335,8.870561,0.51274323,4.198035470212041
-7.1720486,8.790469,0.5669992,4.18146377107491
-7.3315144,8.704675,0.61957014,4.165403858863477
-7.4843917,8.614114,0.6690968,4.149824212579622
-7.627219,8.520496,0.7146042,4.134689979392808
-7.7751994,8.419387,0.7595273,4.119960903520042
-7.9142003,8.316775,0.80178434,4.105596242912016
-8.053314,8.206048,0.84251463,4.091560369892695
-8.188969,8.091288,0.88199073,4.077820441744263
-8.319883,7.975152,0.9191357,4.064346967664197
-8.449332,7.8536797,0.95418775,4.051118096451287
-8.574962,7.728774,0.9871146,4.038116063174463
-8.700125,7.5996714,1.0195932,4.025322804971513
-8.8220005,7.4658375,1.0500021,4.012727957321055
-8.940395,7.328821,1.079237,4.000330416444461
-9.055757,7.1896577,1.1062381,3.988123884161969
-9.169149,7.046411,1.1316801,3.976099133424552
-9.281708,6.9001193,1.1564456,3.964248990729839
-9.38736,6.749196,1.1805725,3.952554340632895
-9.499679,6.595927,1.2027333,3.940986656950881
-9.604224,6.441415,1.2244464,3.929522412009441
-9.704734,6.2902236,1.2444047,3.918145270751578
-9.806154,6.130708,1.2649417,3.906843949231939
-9.905876,5.9718266,1.2846801,3.895609288731701
-10.005673,5.8061357,1.3044825,3.884433238243894
-10.103228,5.63906,1.3237748,3.873302932708184
-10.202238,5.4718795,1.3434652,3.862213814614037
-10.297682,5.3008556,1.363285,3.851170413636407
-10.391451,5.13216,1.3834728,3.840180183194406
-10.486175,4.9582877,1.4040637,3.829243403305195
-10.57682,4.786649,1.4245949,3.818352219951233
-10.669092,4.610899,1.4459772,3.807501042473953
-10.759816,4.4342523,1.4681892,3.796684363186484
-10.849876,4.257341,1.4908133,3.785890233276707
-10.939845,4.074727,1.5142933,3.775098849087709
-11.029203,3.8908136,1.5375484,3.764293296739491
-11.117864,3.702987,1.5616971,3.753474708542978
-11.205067,3.514107,1.5859324,3.742649059509961
-11.287431,3.327664,1.6093922,3.731810388880888
-11.373303,3.1293216,1.6341738,3.720955633230894
-11.456637,2.9285297,1.6577696,3.710084206738125
-11.536469,2.723032,1.6807338,3.699192570679128
-11.614522,2.5145345,1.7018888,3.688284957211474
-11.686133,2.310605,1.7208267,3.677371736399904
-11.757226,2.0957212,1.7382617,3.666464357650212
-11.823441,1.879086,1.7529144,3.655561732313255
-11.884597,1.6607491,1.7650353,3.644651433757208
-11.942479,1.434919,1.7729251,3.633722115940042
-11.9949,1.2059811,1.7773278,3.622778811425995
-12.040995,0.97231734,1.7773379,3.611831225426141
-12.081932,0.74148977,1.772929,3.600875410142321
-12.1171465,0.49997,1.7626334,3.589890520429508
-12.146085,0.25634995,1.7474521,3.578876212761035
-12.167496,0.015369913,1.7263951,3.56784440590548
-12.18233,-0.23352015,1.697167,3.556796699305825
-12.19173,-0.48003316,1.6638525,3.545731278706741
-12.194554,-0.73217344,1.6234857,3.53464572691525
-12.191697,-0.97783947,1.5788988,3.523537340811127
-12.182648,-1.2297745,1.5266389,3.512392106315389
-12.166324,-1.4839205,1.4656475,3.50119847768089
-12.145187,-1.7360125,1.3992974,3.489964221148829
-12.117643,-1.9943616,1.324776,3.47870230321052
-12.085227,-2.253061,1.2441394,3.467422125467927
-12.048076,-2.5058227,1.1582062,3.456125373673334
-12.007611,-2.7563198,1.066352,3.444808147003351
-11.961272,-3.0052042,0.9656568,3.433457794526936
-11.912836,-3.2562215,0.86030835,3.422070508497001
-11.857356,-3.5102706,0.7445647,3.410662703191606
-11.799671,-3.757364,0.62235683,3.3992490328592
-11.736269,-4.00439,0.49145132,3.387827943334186
-11.672507,-4.2446837,0.35751596,3.37638550282721
-11.601167,-4.4807615,0.21081415,3.364906194276724
-11.524279,-4.7156405,0.054491267,3.353382915187213
-11.441748,-4.9454393,-0.110988654,3.341832617672352
-11.35532,-5.17021,-0.28510883,3.330282732713488
-11.266919,-5.392417,-0.46508625,3.318743048206649
-11.181602,-5.6027308,-0.6407931,3.307197532171882
-11.08852,-5.81511,-0.83263683,3.295618182490943
-10.991836,-6.0217776,-1.0320116,3.283987678501894
-10.893426,-6.220201,-1.2343087,3.272309189114092
-10.788381,-6.4103255,-1.4458971,3.26058467065319
-10.679542,-6.5960383,-1.6642599,3.24882067266404
-10.565841,-6.7752976,-1.8895057,3.237024819096847
-10.450026,-6.945367,-2.1157243,3.225198024490324
-10.3295765,-7.1069283,-2.3455625,3.213346338272993
-10.202285,-7.25604,-2.5812473,3.20148454283482
-10.071069,-7.4022193,-2.82362,3.189614632083219
-9.934866,-7.5406823,-3.0680199,3.177724113354519
-9.796038,-7.6714883,-3.3134034,3.165801761965995
-9.651083,-7.796232,-3.563049,3.153834522369038
-9.500127,-7.911549,-3.8147194,3.141818874824813
-9.343951,-8.021007,-4.068523,3.129761398519066
-9.181009,-8.12148,-4.3249083,3.117681143574098
-9.013329,-8.215517,-4.5812387,3.105595551633752
-8.842265,-8.302711,-4.836076,3.093523505755388
-8.663185,-8.381352,-5.090349,3.081470168297039
-8.480684,-8.452737,-5.3412323,3.069409776071186
-8.290709,-8.5174465,-5.591359,3.057308113182854
-8.093345,-8.573374,-5.8387523,3.045144051700479
-7.88511,-8.625521,-6.089955,3.032932766136474
-7.6761956,-8.672304,-6.3318615,3.020707783610566
-7.4555435,-8.707154,-6.5714264,3.008483425481756
-7.2292523,-8.737925,-6.804964,2.996259231772834
-6.9944463,-8.762198,-7.035157,2.984037892483755
-6.757863,-8.776976,-7.2537594,2.971812681907396
-6.507406,-8.7832,-7.4704714,2.959574057507374
-6.255153,-8.787231,-7.679923,2.947323734037132
-5.995238,-8.781304,-7.8787456,2.935068482178131
-5.7278914,-8.766147,-8.068024,2.922808380003091
-5.4545293,-8.749457,-8.251298,2.910523642867819
-5.17357,-8.723828,-8.424132,2.898185235467926
-4.8866134,-8.689066,-8.584872,2.885782570982287
-4.59018,-8.657786,-8.743249,2.873340113350208
-4.2941475,-8.618721,-8.8848095,2.860887575484773
-3.9879334,-8.575135,-9.016309,2.848433568325841
-3.6856575,-8.530644,-9.133137,2.835971396523862
-3.3725646,-8.478671,-9.238984,2.823503342642128
-3.0556934,-8.424931,-9.3316555,2.811041500391795
-2.739419,-8.366498,-9.411124,2.798599149938743
-2.4177303,-8.305739,-9.477733,2.786165043893373
-2.0938954,-8.241852,-9.528945,2.773707532505154
-1.7628062,-8.171715,-9.566316,2.761214155154422
-1.4303538,-8.100197,-9.589657,2.748689119072589
-1.0960699,-8.025858,-9.598344,2.736128073739827
-0.76017076,-7.9511766,-9.594466,2.723530954429244
-0.42631054,-7.87413,-9.573507,2.710912979290953
-0.10046176,-7.7955127,-9.537174,2.698291450842662
0.22860125,-7.7169714,-9.488071,2.685673737029861
0.5595196,-7.635636,-9.421539,2.673058766705331
0.8875959,-7.552099,-9.339127,2.660443773115833
1.2068996,-7.465805,-9.242767,2.647805487490334
1.5290914,-7.376983,-9.126869,2.635124289053238
1.8468332,-7.2886114,-8.9989,2.622398516288148
2.1618102,-7.199536,-8.854401,2.609633168284585
2.4746606,-7.109592,-8.692681,2.596819492491631
2.770884,-7.0243783,-8.522434,2.583965021983502
3.074538,-6.938259,-8.328451,2.571098041040836
3.361424,-6.854735,-8.121594,2.558244011136622
3.6387253,-6.7723866,-7.9009914,2.545410909605196
3.9079669,-6.692497,-7.663374,2.532577637759917
4.168277,-6.6135406,-7.410772,2.519723358948106
4.4127584,-6.541865,-7.147249,2.506867772527362
4.645153,-6.4749904,-6.871392,2.494028174888933
4.8707004,-6.412739,-6.5769258,2.481198501982839
5.081981,-6.3562036,-6.2723274,2.468369958022418
5.2790227,-6.306088,-5.9529824,2.455537517186611
5.4598765,-6.2626324,-5.624553,2.442706197963576
5.6271844,-6.22673,-5.283154,2.429873798845948
5.7744126,-6.1986194,-4.936785,2.41703494309263
5.9057727,-6.17951,-4.5814896,2.404190844304557
6.017361,-6.1673956,-4.2198157,2.391347347783786
6.1109915,-6.165643,-3.8446016,2.378504589338247
6.186494,-6.1727023,-3.4651313,2.365655465392345
6.23952,-6.1893387,-3.084187,2.352816149803871
6.2700453,-6.213104,-2.7045028,2.340012188167417
6.2826753,-6.2457156,-2.317726,2.32724511954099
6.2683077,-6.286348,-1.9374264,2.314495628707836
6.2337303,-6.3352504,-1.5588453,2.301754323490024
6.175158,-6.392163,-1.1726657,2.289016702641331
6.0981593,-6.456632,-0.7961108,2.276270556297737
5.9980125,-6.526117,-0.42163977,2.263516330271089
5.8797264,-6.5982947,-0.062217075,2.25076154815025
5.7347198,-6.6717305,0.29163688,2.238012264207593
5.5746727,-6.7497463,0.63884777,2.225259605984661
5.392033,-6.8271794,0.97524214,2.212497416275226
5.1886325,-6.901082,1.3031635,2.199720798552304
4.966082,-6.972508,1.62151,2.186922667790355
4.726382,-7.036561,1.9282382,2.174109959749572
4.468779,-7.0944786,2.2269146,2.161290981014853
4.1979322,-7.141343,2.5079207,2.148471113976051
3.9119427,-7.1751094,2.777688,2.135660122462742
3.608375,-7.198649,3.0396814,2.122868943556143
3.2941806,-7.204531,3.2874813,2.110112428147549
2.9714682,-7.19569,3.5235388,2.097379951892787
2.642309,-7.170988,3.7454314,2.084645314682546
2.3079553,-7.128755,3.9618435,2.071906738728289
1.9675416,-7.0658975,4.1693063,2.059169668394291
1.6281545,-6.9862576,4.3695555,2.046435125360702
1.2869496,-6.8781924,4.5595975,2.033705989154231
0.9446466,-6.7466154,4.740704,2.020998002256778
0.6211894,-6.593527,4.9077635,2.008312688224247
0.2976322,-6.4236407,5.0771146,1.995628071164338
-0.01702079,-6.231,5.2426805,1.982935113437573
-0.31921318,-6.017585,5.4029737,1.970237570319038
-0.61743593,-5.7810216,5.5671053,1.957533913621867
-0.8919488,-5.5288496,5.726732,1.944828185549603
-1.1507102,-5.255305,5.885771,1.932147135644416
-1.3951417,-4.9589224,6.0474224,1.919522463700961
-1.6160618,-4.658218,6.205843,1.906959093450359
-1.8180366,-4.335452,6.369831,1.894430976416435
-1.998086,-4.0056605,6.5379033,1.881917607422632
-2.1515832,-3.664326,6.7068257,1.869403671821975
-2.2824223,-3.3152182,6.8773513,1.85688940932325
-2.3875837,-2.9547737,7.053117,1.84437706457379
-2.462559,-2.58795,7.2299557,1.831872330522411
-2.5136487,-2.214885,7.4110026,1.819381659432166
-2.5412092,-1.838729,7.595821,1.80690003626262
-2.542879,-1.4709059,7.7804313,1.794432879099494
-2.5113904,-1.0954428,7.9696064,1.78199840347588
-2.4552357,-0.7272959,8.159302,1.769603361777894
-2.3705065,-0.36387408,8.348282,1.757231570959624
-2.260933,-0.009322056,8.534568,1.744876203002445
-2.124702,0.33743393,8.7182045,1.732535997975267
-1.9627962,0.6748107,8.902016,1.720200072186522
-1.7733629,1.0062625,9.085474,1.707864531413689
-1.5642815,1.3217256,9.266923,1.69553677115317
-1.3312652,1.6247942,9.443207,1.683221116971034
-1.0805678,1.9111011,9.616517,1.670914095074757
-0.8084022,2.180427,9.777113,1.658601658941909
-0.51330185,2.4369085,9.930729,1.646286364801592
-0.20193473,2.672931,10.072031,1.633996947977671
0.1298557,2.893101,10.201645,1.621766763032167
0.47554755,3.0938995,10.320151,1.609615287573485
0.82790214,3.2732606,10.424328,1.597533539648198
1.1937729,3.429568,10.511078,1.585515049980005
1.5716877,3.571472,10.589436,1.573565770751749
1.9583483,3.6940572,10.649972,1.56168567719069
2.3499937,3.7955043,10.691137,1.549865219160471
2.7466302,3.879473,10.715068,1.538099145783062
3.1436136,3.942449,10.720188,1.526382193987021
3.5424924,3.9888103,10.705744,1.514705046355113
3.9433556,4.017788,10.669558,1.503067043672914
4.33995,4.0320325,10.616042,1.491472033881091
4.7243676,4.03384,10.545748,1.479914120712992
5.1106887,4.0225945,10.4514675,1.4683844601848
5.4938755,4.003301,10.343574,1.456873800181696
5.8692365,3.9742146,10.21282,1.445375129852767
6.234724,3.939418,10.064657,1.433894982052163
6.5837755,3.8988607,9.893191,1.422454071808134
6.9298177,3.8562236,9.705384,1.411064264976685
7.265664,3.8108323,9.493993,1.39972438805382
7.5838037,3.7677875,9.270536,1.388430298833947
7.8883095,3.7254398,9.030717,1.377192808307767
8.181738,3.6846037,8.771164,1.36602733972364
8.461929,3.6468923,8.496887,1.354937047325721
8.713066,3.614817,8.21218,1.343915401915653
8.954256,3.5901957,7.908348,1.332955756870502
9.177761,3.571064,7.595401,1.322055064070239
9.388051,3.5598443,7.268528,1.311205175284761
9.577216,3.554509,6.931051,1.300399800408126
9.749061,3.5575264,6.5870266,1.289639500654128
9.901578,3.5689325,6.2417693,1.278932063805257
10.037107,3.5876448,5.8895917,1.26828510497391
10.1539135,3.6132064,5.5303206,1.257705968652403
10.258284,3.647717,5.173821,1.24721306102972
10.343768,3.6891687,4.8112626,1.236816577410796
10.412651,3.7374995,4.448356,1.226510456076493
10.470189,3.792744,4.0896397,1.216286492184401
10.512406,3.8547382,3.7295594,1.206142711362403
10.537406,3.9223764,3.3692806,1.196076691197748
10.555508,3.9950182,3.016394,1.186081091448298
10.560112,4.071668,2.6684523,1.176142144067506
10.552573,4.152733,2.3220067,1.166254577559948
10.536325,4.238882,1.9764433,1.15643318414907
10.513065,4.3284903,1.6349204,1.146691623290474
10.479657,4.4198794,1.2980074,1.137045929316487
10.434828,4.5128407,0.9658005,1.12751624059485
10.382011,4.6099167,0.62916493,1.118113675697578
10.319359,4.7040834,0.30901548,1.108838736698752
10.246281,4.802793,-0.02206737,1.099688006533393
10.163607,4.8987784,-0.3413902,1.090667501155493
10.0722,4.996264,-0.6636692,1.081790330433226
9.972789,5.0913568,-0.9812775,1.073047437807019
9.867963,5.1854696,-1.2925961,1.064426140907247
9.757266,5.2752557,-1.5931579,1.055920608771284
9.645392,5.3636417,-1.8904672,1.047520609321821
9.522423,5.451661,-2.1899028,1.039226806714953
9.393299,5.5385256,-2.4884071,1.031044710897048
9.260213,5.622278,-2.7803543,1.022981465465858
9.122974,5.703523,-3.0686414,1.01505357301298
8.9782,5.782462,-3.3533697,1.007274012272407
8.830138,5.8594775,-3.636807,0.9996376116197216
8.680198,5.9335113,-3.913285,0.9921452459983712
8.526227,6.0056376,-4.1875553,0.9848026969372524
8.372924,6.074089,-4.4559927,0.9776077031522512
8.2133045,6.1418433,-4.7216377,0.9705560426154096
8.049764,6.206938,-4.9857335,0.9636517375180246
7.880995,6.271632,-5.2462244,0.956903529170706
7.7177005,6.3323708,-5.4996443,0.9503129708437644
7.548424,6.391557,-5.750225,0.9438767467022664
7.375772,6.449285,-5.9983106,0.9375905365078716
7.2013307,6.5048223,-6.239945,0.931456902395892
7.0256944,6.5597124,-6.481755,0.9254856579095856
6.849878,6.61286,-6.7178216,0.919684187768036
6.672777,6.665343,-6.9537516,0.9140549571890882
6.4963,6.715448,-7.182493,0.90860606132843
6.314336,6.76606,-7.4112782,0.9033451969324496
6.133677,6.814767,-7.6348886,0.8982734483517033
5.951119,6.862117,-7.8547983,0.8933883269596921
5.770385,6.9088383,-8.06783,0.8886879504120931
5.584079,6.953993,-8.283269,0.8841749890871299
5.3963184,6.9979544,-8.495341,0.8798570891714876
5.212341,7.0400553,-8.700161,0.8757366918390552
5.0252767,7.0825562,-8.904486,0.871809648844251
4.8338227,7.123969,-9.10795,0.8680784226578604
4.645904,7.164138,-9.305472,0.8645527310997881
4.4533653,7.2047477,-9.50812,0.8612350934485685
4.258288,7.244142,-9.705997,0.8581256082307532
4.062333,7.283468,-9.906549,0.8552261736976716
3.8682134,7.322042,-10.103686,0.8525402367295776
3.6768997,7.358747,-10.296802,0.8500731327689287
3.4845724,7.395555,-10.491379,0.8478230950521891
3.2941751,7.4315605,-10.684795,0.845785069301186
3.1097543,7.465851,-10.871616,0.8439605272275867
2.932336,7.4989786,-11.057308,0.8423580619616674
2.76763,7.5296464,-11.229557,0.8409871059331797
2.6233432,7.556902,-11.386644,0.8398486691953234
2.5049148,7.5807586,-11.522477,0.8389401028992846
2.4096472,7.6005316,-11.637396,0.838259758808193
2.3396602,7.6162686,-11.731236,0.8378051504315819
2.2819378,7.6302876,-11.817464,0.8375755398420339
-5.30113,4.501156,-2.2427638,4.390587828018326
-5.4220715,4.5009766,-2.1778073,4.336792829855983
-5.566072,4.503271,-2.0974655,4.285131561094584
-5.73564,4.502958,-2.002266,4.235671484043491
-5.945326,4.497072,-1.88766,4.188418540072469
-6.17299,4.4805026,-1.7639035,4.143328513661956
-6.4097986,4.451874,-1.6394526,4.100334465409512
-6.6438923,4.4096756,-1.5189254,4.05935832242163
-6.877555,4.3506374,-1.4048568,4.020305552374117
-7.0989046,4.275706,-1.3011267,3.983055883709067
-7.326045,4.1841145,-1.2004124,3.947474018952422
-7.542141,4.079803,-1.1087358,3.913431092863902
-7.7548747,3.9586213,-1.0237458,3.880809238677903
-7.952967,3.8264954,-0.95110226,3.849501610431126
-8.152106,3.6731637,-0.88497627,3.81941778025214
-8.337302,3.509918,-0.8303619,3.790492207097848
-8.513303,3.3318362,-0.78527206,3.762679925194073
-8.669928,3.1459298,-0.7544537,3.735935321329761
-8.819178,2.945037,-0.73374075,3.710186897218919
-8.949925,2.7385302,-0.7259737,3.68533605030035
-9.067819,2.523856,-0.728516,3.661293356903915
-9.16418,2.3128414,-0.74253356,3.637983076107574
-9.248843,2.0942738,-0.7670066,3.615333445798176
-9.319378,1.8751048,-0.80100554,3.593292648184674
-9.377305,1.6555618,-0.8426832,3.571824758354587
-9.422693,1.4346268,-0.89255846,3.550882558864831
-9.453942,1.2153414,-0.9503732,3.530406410126919
-9.473428,0.99927247,-1.0139319,3.510348600656093
-9.479726,0.78013766,-1.0873967,3.490668265913083
-9.474991,0.572701,-1.1646495,3.471337312255222
-9.45719,0.36266944,-1.2500334,3.452342146167362
-9.428108,0.15494886,-1.3427397,3.433663690012504
-9.388359,-0.04517994,-1.4409274,3.415289986854138
-9.339801,-0.23592927,-1.54242,3.397215399479591
-9.277856,-0.42583898,-1.6538408,3.379408063387171
-9.209544,-0.60995454,-1.768866,3.361830361040625
-9.1306505,-0.78834605,-1.8884238,3.344454096402115
-9.043096,-0.9631011,-2.0142221,3.327253125260311
-8.948499,-1.133175,-2.1438284,3.310208259085591
-8.846731,-1.3016715,-2.2782338,3.293305041621781
-8.7458935,-1.4576013,-2.408725,3.276529384994076
-8.635602,-1.6188459,-2.547392,3.259859267808109
-8.525468,-1.7727237,-2.6851363,3.243274431363858
-8.412149,-1.9294426,-2.8261557,3.226767615978499
-8.30106,-2.0840855,-2.9644344,3.210337609005664
-8.18813,-2.2445269,-3.109375,3.193984517509562
-8.07693,-2.4103382,-3.2527843,3.177711520050805
-7.9647746,-2.5792685,-3.3986838,3.161519220734144
-7.8548756,-2.7515063,-3.5422544,3.145408316689392
-7.7451725,-2.9312468,-3.6919887,3.129375829605708
-7.6353073,-3.111091,-3.8413796,3.113410391470868
-7.524474,-3.2944267,-3.9902842,3.097504247661296
-7.4102726,-3.4818802,-4.1427875,3.081635663740474
-7.297175,-3.6638494,-4.2911296,3.065776562923439
-7.1759596,-3.8531497,-4.446448,3.049913224404575
-7.051286,-4.038755,-4.6007776,3.034046608873767
-6.917559,-4.223735,-4.7584243,3.01817965437365
-6.7761073,-4.40584,-4.9177947,3.00229888147216
-6.628273,-4.585527,-5.078405,2.986387838422043
-6.4730425,-4.7542667,-5.2358313,2.970439602203041
-6.306096,-4.9205103,-5.396535,2.954450647220048
-6.130385,-5.080424,-5.556895,2.93844119781171
-5.9495587,-5.229974,-5.7125463,2.922428850544754
-5.757637,-5.3732967,-5.868214,2.906407426518521
-5.5536966,-5.5110807,-6.0238,2.890359224219533
-5.3397374,-5.6375427,-6.175232,2.874266891758896
-5.1117225,-5.7561936,-6.3251786,2.858126351736016
-4.8748364,-5.863936,-6.469694,2.84193965200589
-4.623644,-5.9588532,-6.6084175,2.825707721970685
-4.36649,-6.0433984,-6.7390304,2.809451985598781
-4.0963044,-6.1195226,-6.8649917,2.793189206909633
-3.816693,-6.1851797,-6.982913,2.776910258385502
-3.527764,-6.241376,-7.092356,2.760609646750849
-3.2373917,-6.287546,-7.1892533,2.744299826076656
-2.931949,-6.3252134,-7.278332,2.727983136225315
-2.6175394,-6.3563223,-7.3581777,2.711649427243679
-2.297382,-6.3770466,-7.4233932,2.695285318647216
-1.9773723,-6.3894176,-7.4738517,2.678859641165021
-1.636847,-6.3938828,-7.510503,2.662345253450421
-1.301215,-6.392319,-7.532807,2.645729642417411
-0.95768964,-6.381473,-7.535969,2.629008989258678
-0.60930526,-6.366815,-7.523348,2.61218878520284
-0.25687298,-6.34328,-7.4866295,2.595285493235472
0.08529573,-6.317595,-7.4361176,2.578329319130253
0.43504205,-6.284723,-7.359898,2.561345735142337
0.784605,-6.246836,-7.261621,2.544360100523891
1.1308905,-6.2042513,-7.1403604,2.527385932175868
1.4699628,-6.158337,-6.9960794,2.510426402204732
1.7988247,-6.108704,-6.8268037,2.493487091404752
2.117972,-6.056763,-6.63316,2.476551982284854
2.432899,-6.0038376,-6.4148693,2.459597571106166
2.7385423,-5.9493036,-6.1688395,2.442623585704473
3.0324903,-5.896002,-5.90029,2.425619445364622
3.311709,-5.8452425,-5.6068897,2.408558621153261
3.5703886,-5.799075,-5.2937956,2.391447596085465
3.8108768,-5.757969,-4.9598165,2.374297130283486
4.025708,-5.723959,-4.613204,2.357099943032464
4.218881,-5.6970444,-4.2437625,2.339855922823849
4.387256,-5.678934,-3.8542826,2.322559820167952
4.5276284,-5.6702332,-3.4496925,2.305199487720048
4.6418777,-5.673164,-3.0287693,2.287790219366339
4.727099,-5.6873655,-2.594382,2.270370897085624
4.779564,-5.7122264,-2.1560955,2.252967287033032
4.7939773,-5.747235,-1.716682,2.235558012275199
4.772487,-5.79182,-1.2682085,2.218122625533325
4.7169466,-5.844774,-0.8215224,2.200648685009808
4.6266704,-5.904277,-0.37726265,2.18311562093677
4.496835,-5.9664764,0.06408786,2.165530614732696
4.3293486,-6.0298114,0.4993613,2.147932974218251
4.127789,-6.088457,0.9211993,2.130349361141894
3.8964112,-6.142533,1.3328006,2.112787279110108
3.634446,-6.1862187,1.7265794,2.095237660829844
3.3423188,-6.212595,2.1050017,2.077667424788128
3.0234754,-6.21653,2.4635973,2.060052498855363
2.6814113,-6.2006555,2.809217,2.042381067128452
2.3243284,-6.1554785,3.1338062,2.024653671370447
1.9546516,-6.074448,3.4377918,2.006877198329596
1.5659529,-5.9607215,3.7361107,1.989057933751202
1.1780162,-5.8149767,4.0192466,1.971202003334468
0.8025967,-5.6381555,4.283784,1.953327201048579
0.42767963,-5.412858,4.54069,1.935466890785741
0.06199119,-5.152928,4.7944136,1.917646768514475
-0.27964297,-4.856009,5.0407815,1.899882813706339
-0.5974955,-4.5261855,5.285292,1.882172180120581
-0.88351214,-4.16873,5.5246344,1.864488517288392
-1.1321787,-3.7742229,5.7639117,1.846803304437748
-1.345438,-3.35934,6.006368,1.829116630351591
-1.5181177,-2.9279163,6.25179,1.811445136017199
-1.6454356,-2.4693127,6.5031095,1.793796497581847
-1.7227268,-2.00551,6.750792,1.77614399512667
-1.7594947,-1.5310293,7.0062923,1.758442989675545
-1.736384,-1.0527639,7.258659,1.740683884722438
-1.658136,-0.5732898,7.5117397,1.722876600305457
-1.5347403,-0.09415108,7.769617,1.705042842096636
-1.3682371,0.35803697,8.02028,1.687191064206814
-1.1503642,0.7961758,8.263379,1.669308045798837
-0.8849074,1.218603,8.502108,1.651399128327072
-0.57174563,1.609756,8.722287,1.633481325968128
-0.22083399,1.9754122,8.932323,1.615567144058372
0.15650108,2.2997246,9.113,1.597679066516143
0.57005596,2.5930595,9.276373,1.579835537862881
1.0100989,2.8544588,9.418881,1.562025834731662
1.4669049,3.0750318,9.53222,1.544233157734732
1.9490463,3.256117,9.608249,1.526452387348185
2.4506643,3.406926,9.662152,1.508696528880912
2.956521,3.518502,9.679837,1.490970964316215
3.4628615,3.5923064,9.655455,1.473268328360514
3.9647987,3.6347334,9.595411,1.45559110057233
4.457143,3.651767,9.502785,1.437963065336737
4.9492664,3.6412787,9.360602,1.420415055377094
5.420919,3.6142426,9.184418,1.402963318495541
5.8703985,3.5774653,8.97778,1.38560237084027
6.303633,3.5308561,8.727442,1.368332150374012
6.710409,3.4843647,8.449634,1.351147409684595
7.086347,3.4373226,8.129923,1.334048316892702
7.4363604,3.3955786,7.78475,1.317055296777876
7.7557635,3.3651128,7.412974,1.300173401812691
8.029494,3.3459535,7.0176497,1.283401106355332
8.2807045,3.3413577,6.596001,1.266741679031342
8.49607,3.3512876,6.166756,1.250194291574956
8.674484,3.3784082,5.721245,1.233773289557993
8.82394,3.4215407,5.268354,1.217504520761515
8.938067,3.4790332,4.8115945,1.201390114299829
9.025715,3.55169,4.344224,1.185414627200651
9.080957,3.638629,3.8753123,1.169571816968964
9.1093235,3.738748,3.4056282,1.153871535582429
9.111359,3.8474245,2.9467678,1.138332776972224
9.086523,3.964597,2.4954185,1.122969458980076
9.046712,4.090046,2.047553,1.107794160093912
8.985263,4.2203145,1.6096655,1.092834648983108
8.904135,4.3532295,1.1808201,1.078115372991872
8.810014,4.4873137,0.7609838,1.063641245048114
8.697821,4.622529,0.34749025,1.049413766987179
8.571767,4.7548203,-0.058564205,1.035429128529388
8.420544,4.8847623,-0.45511004,1.021675713733369
8.2664585,5.0124216,-0.84744674,1.008150317603291
8.095739,5.136409,-1.2313495,0.9948672169513332
7.912629,5.2554736,-1.6065979,0.98184458953485
7.717245,5.369134,-1.9704703,0.9690752129337304
7.5106416,5.4807653,-2.3355742,0.9565524388444232
7.303818,5.5857997,-2.6880543,0.944287667850264
7.073429,5.6862936,-3.0349565,0.9323003186656652
6.8347163,5.7802362,-3.372401,0.9206081806116526
6.5891194,5.8692822,-3.6996834,0.9092233875703588
6.332999,5.9524813,-4.0166616,0.8981598305530305
6.0691805,6.031471,-4.3249474,0.8874270289117747
5.800328,6.1058083,-4.623447,0.8770337275003215
5.525894,6.17724,-4.918351,0.866999252221619
5.246549,6.245499,-5.2043896,0.8573399894725149
4.970745,6.30969,-5.4833026,0.8480731904438582
4.6978517,6.370982,-5.749363,0.8392199512693436
4.409458,6.434425,-6.03486,0.8307975839626806
4.12294,6.4944487,-6.3066173,0.8228188579267106
3.839313,6.553966,-6.5778885,0.8152920801383727
3.547338,6.613263,-6.8517466,0.8082227699301284
3.279122,6.670599,-7.117089,0.8016116412640809
3.0079513,6.7294164,-7.390378,0.7954561473062156
2.743506,6.7886267,-7.667585,0.7897609841517348
2.4823034,6.8486266,-7.9504933,0.784537162869432
2.2371597,6.9099083,-8.240622,0.7798026278764387
2.0085428,6.971807,-8.534842,0.7755541653301716
1.8007559,7.03398,-8.832581,0.7717759198535968
1.6165252,7.0992193,-9.146606,0.7684675349705375
1.4564879,7.161231,-9.449165,0.7656359842380407
1.3163716,7.223366,-9.753967,0.7632831360656307
1.1780181,7.2801056,-10.034668,0.7614017981630451
1.0625083,7.328473,-10.27789,0.7599842703350563
0.9705688,7.3669767,-10.470782,0.7590350097868694
0.91168886,7.39494,-10.612686,0.7585612587200351
-5.496292,3.0684063,-2.835746,3.950719157634032
-5.5290494,2.931613,-2.878327,3.890650992447245
-5.564689,2.769511,-2.930061,3.832730122395656
-5.6049,2.5707598,-2.9935775,3.776965922568246
-5.6494575,2.346748,-3.0640752,3.72336177746298
-5.699201,2.1030505,-3.1374257,3.671912772072147
-5.752616,1.8514537,-3.209798,3.622582417637692
-5.8068876,1.6084697,-3.2764022,3.575310163616503
-5.8646836,1.3636267,-3.3393877,3.530030146233756
-5.925104,1.1198115,-3.3983846,3.486667133127931
-5.98627,0.8822903,-3.452152,3.445127584328369
-6.0499253,0.6408147,-3.5046968,3.405302343176572
-6.1130652,0.39871788,-3.5552986,3.367072933163604
-6.177993,0.1588948,-3.6030276,3.330315399970284
-6.236069,-0.08101367,-3.6524742,3.294901676916867
-6.290449,-0.32775018,-3.7047935,3.260713687061192
-6.3357573,-0.5825992,-3.7632084,3.227651206055842
-6.3659406,-0.8364894,-3.8286712,3.195627195933831
-6.376415,-1.0939616,-3.905692,3.164557815014737
-6.3636484,-1.3502047,-3.9937425,3.134359947503242
-6.3246045,-1.6021847,-4.0937767,3.104968528714708
-6.2598367,-1.8541751,-4.206626,3.076346204505101
-6.171314,-2.0932994,-4.3256044,3.04845637772726
-6.059477,-2.3254318,-4.4516153,3.021253770545801
-5.929214,-2.5482457,-4.581351,2.994685003041952
-5.7861185,-2.7550225,-4.7086706,2.968691075713308
-5.628749,-2.9516528,-4.834749,2.943214766192705
-5.4549074,-3.142115,-4.961245,2.918215371232312
-5.2716784,-3.3251197,-5.084705,2.893653315363901
-5.0843277,-3.4943542,-5.2010517,2.869478972614728
-4.8832684,-3.6592453,-5.3153567,2.845641670339513
-4.6716375,-3.816398,-5.4249277,2.822100419533206
-4.450441,-3.9659846,-5.528768,2.798835777714039
-4.2256503,-4.105394,-5.625248,2.775850106253193
-3.9860704,-4.238342,-5.7165885,2.753125838185127
-3.7395637,-4.36492,-5.7998276,2.730625919894687
-3.4875405,-4.484958,-5.8740363,2.708337932664801
-3.2278748,-4.5965805,-5.9401746,2.686272879711344
-2.963446,-4.697615,-5.994261,2.664415919255259
-2.6898797,-4.7882457,-6.0349636,2.642716132429046
-2.4037893,-4.8725004,-6.0655713,2.621125375300836
-2.1210196,-4.9454203,-6.082327,2.599621762763106
-1.8209883,-5.0124555,-6.086937,2.578182328699409
-1.5146325,-5.0733128,-6.074363,2.556751083852629
-1.2118626,-5.124858,-6.047264,2.535268675344649
-0.89701945,-5.170642,-6.0021615,2.513716328658168
-0.5837936,-5.2084055,-5.938138,2.492111033964665
-0.27520752,-5.238024,-5.854108,2.470493731832145
0.03236579,-5.260928,-5.746515,2.448915577680681
0.34119046,-5.2776937,-5.6170835,2.427409405478072
0.6437325,-5.2879825,-5.4633636,2.405979604959912
0.93375003,-5.2930627,-5.289807,2.384615166579971
1.2160921,-5.293221,-5.0923457,2.363290009432475
1.4866163,-5.2888975,-4.8626585,2.341963739384679
1.7388353,-5.281438,-4.6144056,2.320612616012567
1.9810358,-5.2717223,-4.33624,2.299227626602713
2.201143,-5.261016,-4.0378957,2.277813795293406
2.399457,-5.250603,-3.7206392,2.256389399840807
2.568647,-5.2406096,-3.3862655,2.234963516499333
2.715163,-5.2319074,-3.0267646,2.213522203738291
2.8322196,-5.224717,-2.655385,2.192060282251274
2.9208398,-5.2194676,-2.2597272,2.170593594857038
2.976243,-5.2145977,-1.8600945,2.149119954740416
2.998192,-5.2107806,-1.4446896,2.127627442934803
2.9868565,-5.204404,-1.023872,2.106128248782971
2.9428263,-5.1960583,-0.59034956,2.084615301153003
2.867362,-5.1820307,-0.15478948,2.063064284893863
2.7586854,-5.159326,0.28109103,2.041447467051909
2.619303,-5.1225085,0.7083782,2.019746700909994
2.4486704,-5.07017,1.1355851,1.997992448741003
2.2516005,-4.9992867,1.5540923,1.976259017086623
2.0351598,-4.907229,1.9594178,1.954589908116025
1.7950283,-4.786701,2.3559966,1.932968033380719
1.540279,-4.634611,2.7399833,1.91136259677114
1.273432,-4.449551,3.119569,1.889753512215813
1.0015028,-4.2349725,3.4926693,1.868120687035363
0.7292501,-3.9843602,3.8603966,1.846444453772393
0.46796557,-3.699072,4.215553,1.824709534767851
0.23248053,-3.39086,4.552311,1.80290296877442
0.016911818,-3.0460176,4.884874,1.78102767345256
-0.1677091,-2.6730976,5.2076907,1.759100801566451
-0.3156658,-2.27186,5.5256586,1.737137494528375
-0.41959664,-1.850543,5.833316,1.715135372556563
-0.48220828,-1.4129777,6.137114,1.693074344982827
-0.49036184,-0.9565394,6.438669,1.670947056195728
-0.44381824,-0.4897127,6.737596,1.6487732507321
-0.34345615,-0.038664434,7.018994,1.626561057685408
-0.1783677,0.40723288,7.288483,1.604297068253815
0.042001862,0.839561,7.5462375,1.581981697267797
0.32360014,1.2557628,7.7908106,1.559628744321599
0.65990937,1.6433339,8.013596,1.537263755377558
1.0424258,1.9959878,8.20885,1.514925682488813
1.4634181,2.3010902,8.365123,1.492649189131684
1.9254346,2.572967,8.4953375,1.470439364804963
2.4058456,2.7926571,8.580189,1.448290326527213
2.9157417,2.9719813,8.626621,1.426209034294019
3.428729,3.1089234,8.63339,1.404205236930156
3.9494238,3.1983988,8.57618,1.382296770537262
4.475259,3.259369,8.478007,1.360508990962982
4.9931736,3.2853103,8.316241,1.338870423046226
5.4945736,3.2914853,8.107256,1.317404563065279
5.967312,3.2799072,7.835366,1.29611760515638
6.4146013,3.2638664,7.5181236,1.275010097367015
6.8203135,3.2510905,7.16114,1.254098270855053
7.180419,3.2477,6.761007,1.233403542361237
7.500883,3.2574189,6.319213,1.21292395578976
7.775471,3.285219,5.8446636,1.192637529178439
8.008592,3.3351328,5.3505335,1.172528997182086
8.195113,3.4056141,4.8305306,1.152592658449265
8.333389,3.498512,4.29318,1.132823909027485
8.426195,3.6125374,3.7434504,1.113215788542811
8.476767,3.744504,3.1899555,1.093763432542503
8.475867,3.8903296,2.6417272,1.074483191399597
8.448389,4.0486283,2.0962555,1.055406183963962
8.387174,4.214016,1.5621243,1.036562284403292
8.2918,4.381286,1.0419805,1.017989873731474
8.169091,4.5517178,0.5257825,0.9997405458432422
8.022128,4.720515,0.019619217,0.9818566985330532
7.8498583,4.8838396,-0.4719676,0.9643570622478712
7.6538815,5.0443068,-0.96070874,0.9472483294944588
7.4399796,5.197328,-1.4346851,0.9305439330427634
7.207352,5.3427625,-1.892337,0.9142709966391313
6.9463944,5.481601,-2.347439,0.8984651173139977
6.680458,5.6124325,-2.7892582,0.8831620460091114
6.3891745,5.7333136,-3.2180676,0.8683905952674948
6.0901494,5.8414197,-3.6187713,0.8541772884761775
5.764619,5.945317,-4.0169334,0.8405438206621813
5.434791,6.0423946,-4.401065,0.8275099742287716
5.0957265,6.1355057,-4.782472,0.8150966115327147
4.757291,6.2217097,-5.144405,0.8033170702143245
4.411786,6.304055,-5.499197,0.7921732429896555
4.0533767,6.3844366,-5.855112,0.7816600496295807
3.69613,6.462629,-6.2055945,0.7717801222266695
3.335591,6.5402164,-6.557327,0.7625506038031953
2.985133,6.6171756,-6.908432,0.753995131820491
2.6375017,6.694447,-7.2640896,0.7461402780719479
2.2977571,6.773556,-7.631382,0.7390119961110816
1.9697086,6.8530183,-8.003337,0.7326299152214689
1.6659266,6.93485,-8.388912,0.7270127472714674
1.3998296,7.0167174,-8.777546,0.722173987929577
1.1645494,7.098233,-9.16749,0.718111636061898
0.96176034,7.174627,-9.535085,0.7148252520838043
0.80192894,7.244416,-9.874352,0.7123300075349102
0.6916598,7.302683,-10.160519,0.7106503457640276
0.6217816,7.34497,-10.367768,0.7098059055131071
2.7932787,-0.93063486,-0.042167246,2.941874374444934
2.783447,-0.949374,0.025723856,2.855253628076156
2.7703826,-0.9716242,0.11321161,2.772442748225932
2.7529645,-0.99992734,0.22714792,2.693418475968699
2.7296581,-1.035809,0.37472495,2.618041381041365
2.6999092,-1.0780053,0.5551679,2.546084629544475
2.6645842,-1.1242112,0.75837487,2.477266509954346
2.6249182,-1.1701171,0.9726383,2.411289698398584
2.5807834,-1.2134914,1.1939038,2.347880011336284
2.5310013,-1.2530103,1.4236753,2.286773016048735
2.4732833,-1.2870126,1.6667823,2.227717760887662
2.4060972,-1.3124905,1.9262191,2.170512784701211
2.330739,-1.3268687,2.1982107,2.115017645039886
2.2433941,-1.3263743,2.494335,2.061119153075647
2.1470723,-1.3041941,2.8066635,2.008709561250334
2.044945,-1.2549336,3.1321905,1.957667762678476
1.9374721,-1.1723086,3.4795253,1.907862046612864
1.836532,-1.0496281,3.8279824,1.859212101032564
1.7477527,-0.8827629,4.1839714,1.81166869500228
1.6808426,-0.6708881,4.542569,1.765128881795811
1.6461856,-0.41041028,4.9060626,1.719451755112738
1.6596042,-0.11723282,5.2523146,1.674493485812443
1.7290455,0.21301788,5.59147,1.630144721173296
1.870017,0.5629863,5.9022746,1.586392074378149
2.0833676,0.9223081,6.180003,1.54329022621355
2.3731654,1.2813303,6.415797,1.50084269094684
2.7406466,1.6274805,6.595493,1.459017448350965
3.1646042,1.9419084,6.70486,1.417792946645998
3.6489995,2.2237875,6.7285404,1.377190044060766
4.1759,2.470791,6.6558614,1.337236186047614
4.7178183,2.6811604,6.4800763,1.297897218087179
5.255615,2.861743,6.193172,1.259137730762644
5.7598906,3.0225627,5.7972035,1.220993019613678
6.2164254,3.177951,5.294605,1.183531398977534
6.5931606,3.337385,4.706206,1.146821792432412
6.891105,3.5135393,4.0411663,1.110910491322447
7.0804343,3.7108765,3.318438,1.075822193929232
7.1641088,3.935657,2.5403593,1.04159538860911
7.1512537,4.1808496,1.7376451,1.008308757558552
7.043872,4.4484525,0.89087504,0.976079920837113
6.873169,4.7141614,0.06170708,0.9450130665762584
6.611967,4.9788456,-0.7651693,0.915177018418504
6.286434,5.227374,-1.5587261,0.8866733369475089
5.8765063,5.4636617,-2.3484387,0.8596681306119355
5.4287405,5.673674,-3.0853243,0.8343221501270103
4.9167857,5.8640113,-3.8009214,0.8107446033950136
4.3673544,6.0424314,-4.503822,0.7890458943235659
3.7868888,6.204427,-5.1744847,0.7693603227808229
3.1505413,6.367425,-5.8749895,0.7518278110992738
2.5165217,6.5265236,-6.5735188,0.7365845742117205
1.8905405,6.6861277,-7.2881494,0.7237370892232368
1.2832524,6.8554416,-8.064507,0.713362214037829
0.8059382,7.022449,-8.840489,0.7055276572609979
0.48742273,7.1722827,-9.546116,0.7002911044550142
0.35356754,7.2792563,-10.061382,0.6976753290255171
